<?xml version="1.0" encoding="UTF-8"?>
<project-private xmlns="http://www.netbeans.org/ns/project-private/1">
    <editor-bookmarks xmlns="http://www.netbeans.org/ns/editor-bookmarks/2" lastBookmarkId="0"/>
    <open-files xmlns="http://www.netbeans.org/ns/projectui-open-files/2">
        <group>
            <file>file:/D:/Minion/Downloads/ProyectoBuscaPalabra/src/BuscaPalabra/pantalla/ResultadoFrame.java</file>
            <file>file:/D:/Minion/Downloads/ProyectoBuscaPalabra/src/BuscaPalabra/pantalla/PantallaFrame.java</file>
            <file>file:/D:/Minion/Downloads/ProyectoBuscaPalabra/src/BuscaPalabra/io/Input.java</file>
            <file>file:/D:/Minion/Downloads/ProyectoBuscaPalabra/src/BuscaPalabra/pantalla/Pantalla.java</file>
        </group>
    </open-files>
</project-private>
